lastName,firstName,POS,Team,FGA,FTA,REB,AST,PTS,TOV,STL,BLK,SEC
Abrines,Alex,SG,Thunder,263,39,103,25,317,25,36,8,59896
Acy,Quincy,PF,Nets,310,56,229,48,337,57,29,20,71066
Adams,Steven,C,Thunder,619,234,591,71,919,110,84,75,128044
Adebayo,Bam,C,Heat,296,159,338,94,423,55,29,39,72656
Afflalo,Arron,SG,Magic,141,24,62,26,155,18,2,7,35736
Ajinca,Alexis,C,Pelicans,0,0,0,0,0,0,0,0,0
Aldrich,Cole,C,Timberwolves,11,4,8,1,8,1,2,1,1980
Aldridge,LaMarcus,PF,Spurs,1115,333,523,129,1418,97,32,69,126518
Allen,Jarrett,C,Nets,332,116,318,43,480,67,24,57,68905
Allen,Kadeem,SG,Celtics,6,4,4,2,5,3,1,0,1860
Allen,Tony,SF,Bulls,91,21,47,9,103,19,11,3,16390
Aminu,Al-Farouq,PF,Trail Blazers,471,63,423,67,529,61,56,32,102079
Anderson,Alan,SG,Clippers,0,0,0,0,0,0,0,0,0
Anderson,Justin,SF,76ers,144,25,66,15,171,10,12,5,23212
Anderson,Kyle,SF,Spurs,375,129,344,172,495,82,96,49,100451
Anderson,Ryan,PF,Rockets,451,85,306,56,583,41,23,19,95848
Anigbogu,Ike,C,Pacers,9,6,9,0,13,2,1,3,1657
Antetokounmpo,Giannis,SF,Bucks,1233,577,660,312,1779,188,97,94,145131
Anthony,Carmelo,PF,Thunder,1041,173,393,88,1133,89,42,43,131349
Anunoby,OG,SF,Raptors,292,53,149,48,363,39,47,10,75652
Arcidiacono,Ryan,G,Bulls,12,2,7,13,15,3,5,0,7173
Ariza,Trevor,SF,Rockets,552,76,257,91,685,51,85,12,117921
Arthur,Darrell,PF,Nuggets,45,3,15,9,51,15,8,2,8005
Artis,Jamiel,SG,Magic,17,3,7,4,9,0,0,0,3315
Asik,Omer,C,Bulls,16,12,37,2,18,5,1,2,7249
Atkinson,Kenny,C,Nets,0,0,0,0,0,0,0,0,720
Augustin,D.J.,PG,Magic,431,162,124,232,628,100,49,0,86516
Babbitt,Luke,PF,Heat,204,22,92,29,256,19,9,7,40597
Bacon,Dwayne,SF,Hornets,135,18,97,25,123,15,12,2,31884
Baker,Ron,PG,Knicks,59,27,30,47,71,18,26,6,23081
Baldwin IV,Wade,G,Trail Blazers,0,2,1,0,1,1,0,0,180
Ball,Lonzo,PG,Lakers,517,61,325,333,483,124,82,40,95358
Barea,J.J.,SG,Mavericks,640,100,189,405,739,134,33,3,89504
Barnes,Harrison,SF,Mavericks,1034,284,427,131,1255,102,46,13,137699
Barton,Will,SG,Nuggets,850,180,343,284,1026,129,71,42,134117
Batum,Nicolas,SG,Hornets,593,112,274,310,669,113,63,20,106851
Bayless,Jerryd,PG,76ers,262,44,80,54,307,46,23,6,55480
Baynes,Aron,C,Celtics,358,74,360,72,387,68,18,46,74308
Bazemore,Kent,SG,Hawks,676,201,248,228,836,157,100,45,107354
Beal,Bradley,SG,Wizards,1295,331,314,328,1629,184,84,32,153101
Beasley,Malik,SG,Nuggets,173,29,71,30,185,23,15,5,33342
Beasley,Michael,PF,Knicks,656,139,347,99,791,120,28,36,82039
Belinelli,Marco,SG,76ers,605,131,119,116,738,70,52,5,93966
Bell,Jordan,PF,Warriors,143,37,162,81,214,42,29,47,37932
Bembry,DeAndre',SF,Hawks,101,25,56,31,103,38,13,10,21836
Bender,Dragan,PF,Suns,400,44,281,114,440,92,19,43,104454
Bennett,Anthony,PF,Nets,0,0,0,0,0,0,0,0,0
Bertans,Davis,PF,Spurs,337,49,144,68,422,32,25,26,60361
Beverley,Patrick,PG,Clippers,119,17,45,32,134,25,19,5,20014
Bickerstaff,John-Blair,C,Grizzlies,0,0,0,0,0,0,0,0,2160
Birch,Khem,PF,Magic,75,30,107,20,95,16,11,12,22289
Bird,Jabari,SG,Celtics,4,5,3,1,5,1,1,0,1541
Biyombo,Bismack,C,Magic,288,131,401,56,386,74,18,82,78395
Bjelica,Nemanja,SF,Timberwolves,297,39,219,70,388,43,38,11,64667
Black,Tarik,PF,Rockets,109,50,129,9,151,30,18,24,25869
Blakeney,Antonio,PG,Bulls,122,32,26,16,130,8,7,0,15871
Bledsoe,Eric,PG,Bucks,821,268,232,287,1057,183,125,34,114514
Blue,Vander,SG,Lakers,5,2,1,3,3,3,1,0,2695
Bogdanovic,Bogdan,SG,Kings,667,108,194,226,800,108,63,16,112602
Bogdanovic,Bojan,SF,Pacers,722,182,228,105,966,92,51,7,127459
Bogut,Andrew,C,Lakers,25,2,78,15,36,19,4,13,12984
Bolomboy,Joel,PF,Bucks,6,6,10,0,9,2,2,0,2267
Booker,Devin,SG,Suns,1054,329,244,253,1346,193,47,14,111915
Booker,Trevor,PF,Pacers,290,84,269,71,364,56,23,19,59603
Boucher,Chris,PF,Warriors,1,0,1,0,0,0,0,0,79
Bradley,Avery,SG,Clippers,625,82,116,94,656,101,51,8,85985
Bradley,Tony,C,Jazz,11,2,11,1,8,0,0,0,1746
Brewer,Corey,SF,Thunder,236,72,112,51,292,44,59,13,54768
Brogdon,Malcolm,SG,Bucks,489,85,152,149,610,65,41,13,84230
Brooks,Aaron,PG,Timberwolves,51,6,13,18,55,9,6,0,9614
Brooks,Dillon,SF,Grizzlies,606,112,213,100,699,96,58,16,118967
Brooks,Scott,C,Wizards,0,0,0,0,0,0,0,0,0
Brown,Anthony,SF,Timberwolves,0,0,0,0,0,0,0,0,0
Brown,Bobby,PG,Rockets,58,2,7,11,50,9,4,0,6896
Brown,Brett,C,76ers,0,0,0,0,0,0,0,0,2160
Brown,Jaylen,SF,Celtics,692,195,319,99,862,99,57,22,113221
Brown,Lorenzo,PG,Raptors,21,0,9,12,14,1,4,0,5698
Brown,Markel,SG,Rockets,7,0,5,2,5,2,0,0,1889
Brown,Sterling,SG,Bucks,176,22,127,20,196,22,31,11,39969
Brussino,Nicolas,F,Hawks,2,0,3,0,0,0,0,0,595
Bryant,Thomas,C,Lakers,9,6,6,2,11,1,0,0,2001
Budenholzer,Michael,C,Hawks,0,0,0,0,0,0,0,0,1440
Bullock,Reggie,SF,Pistons,448,44,128,78,577,39,40,11,87182
Burke,Trey,PG,Knicks,211,29,37,85,253,19,11,4,24226
Burks,Alec,SG,Jazz,397,122,182,63,474,56,38,8,60476
Butler,Jimmy,SF,Timberwolves,882,393,306,279,1243,103,109,23,124601
Buycks,Dwight,PG,Pistons,192,41,38,59,211,38,19,2,24466
Caboclo,Bruno,SF,Kings,17,4,11,3,11,1,3,1,3175
Calderon,Jose,PG,Cavaliers,127,26,66,93,179,30,23,1,42330
Caldwell-Pope,Kentavious,SG,Lakers,662,162,332,136,824,79,98,11,122673
Canaan,Isaiah,SG,Suns,137,51,45,76,172,29,16,1,25303
Capela,Clint,C,Rockets,597,232,701,58,910,93,46,118,105448
Carlisle,Rick,C,Mavericks,0,0,0,0,0,0,0,0,1440
Carroll,DeMarre,SF,Nets,709,215,437,131,885,90,55,26,116616
Carter,Vince,SF,Kings,233,31,116,57,255,26,39,23,49949
Carter-Williams,Michael,PG,Hornets,229,89,138,116,239,54,45,23,50085
Caruso,Alex,G,Lakers,67,16,37,48,76,24,17,7,21931
Casspi,Omri,SF,Warriors,207,69,200,51,300,37,18,19,44410
Cauley-Stein,Willie,C,Kings,648,209,428,137,769,91,70,59,103657
Cavanaugh,Tyler,PF,Hawks,125,21,110,26,163,11,9,4,26885
Chalmers,Mario,PG,Grizzlies,394,121,136,176,441,99,70,11,75596
Chandler,Tyson,C,Suns,187,94,418,53,300,59,16,27,69046
Chandler,Wilson,SF,Nuggets,537,102,331,137,627,81,35,33,117502
Chriss,Marquese,PF,Suns,383,121,319,70,429,86,42,59,76630
Clark,Ian,PG,Pelicans,399,52,108,89,444,47,25,10,72836
Clarkson,Jordan,SG,Cavaliers,825,164,198,204,977,116,48,4,95092
Clavell,Gian,SG,Mavericks,18,2,7,3,20,2,2,0,3818
Cleveland,Antonius,SG,Hawks,14,4,10,2,10,2,6,4,4860
Clifford,Steve,C,Hornets,0,0,0,0,0,0,0,0,1440
Collins,John,C,Hawks,467,161,456,70,674,88,40,69,89195
Collins,Zach,C,Trail Blazers,229,35,186,41,236,46,16,25,50527
Collinsworth,Kyle,PG,Mavericks,57,21,71,28,58,16,15,3,18627
Collison,Darren,PG,Pacers,533,130,148,300,724,70,80,13,101674
Collison,Nick,C,Thunder,19,8,19,4,30,7,0,0,4306
Conley,Mike,PG,Grizzlies,168,66,27,49,205,18,12,3,22395
Connaughton,Pat,SG,Trail Blazers,346,41,132,82,401,36,18,19,77088
Cook,Quinn,PG,Warriors,102,8,31,28,125,13,5,0,19503
Cooke,Charles,SG,Pelicans,10,2,1,1,6,1,1,0,1618
Cooley,Jack,PF,Kings,7,2,4,2,10,0,0,0,587
Costello,Matt,PF,Spurs,4,0,9,2,4,1,2,2,1932
Cousins,DeMarcus,C,Pelicans,864,394,619,257,1210,241,80,75,104235
Covington,Robert,SF,76ers,682,120,360,128,827,113,103,51,126236
Crabbe,Allen,SG,Nets,707,105,280,98,807,72,41,24,113318
Craig,Torrey,SF,Nuggets,98,29,84,17,120,11,8,7,26076
Crawford,Jamal,SG,Timberwolves,630,98,79,160,707,74,37,7,82373
Crawford,Jordan,SG,Pelicans,14,0,2,10,18,4,0,1,2239
Crowder,Jae,PF,Jazz,545,134,231,84,648,62,52,17,106639
Cunningham,Dante,SF,Nets,302,47,256,40,352,29,37,21,83040
Curry,Seth,PG,Mavericks,0,0,0,0,0,0,0,0,0
Curry,Stephen,PG,Warriors,846,296,254,308,1317,152,80,7,95919
Daniels,Troy,SG,Suns,485,57,98,46,592,47,23,5,83141
D'Antoni,Mike,C,Rockets,0,0,0,0,0,0,0,0,720
Da Silva Felicio,Cristiano,PF,Bulls,0,0,0,0,0,0,0,0,0
Davis,Anthony,PF,Pelicans,1225,492,707,147,1765,138,92,150,137929
Davis,Deyonta,C,Grizzlies,189,45,181,29,270,23,12,31,40192
Davis,Ed,PF,Trail Blazers,271,105,527,36,390,58,31,48,80024
Dedmon,Dewayne,C,Hawks,367,67,376,71,491,76,34,40,73605
Dekker,Sam,SF,Clippers,225,46,146,33,253,29,22,8,46037
Delaney,Malcolm,PG,Hawks,285,92,100,163,338,66,36,6,60851
Dellavedova,Matthew,PG,Bucks,149,25,64,142,162,48,13,1,42102
Deng,Luol,PF,Lakers,2,0,0,1,2,1,1,0,788
DeRozan,DeMar,SG,Raptors,1258,505,280,360,1658,157,80,18,143228
Diallo,Cheick,PF,Pelicans,133,42,134,13,183,18,9,16,23612
Dieng,Gorgui,PF,Timberwolves,334,95,306,64,404,52,40,31,70255
Dinwiddie,Spencer,PG,Nets,751,231,229,469,894,109,62,24,121106
Donovan,Billy,C,Thunder,0,0,0,0,0,0,0,0,0
Dorsey,Tyler,PG,Hawks,245,42,93,58,244,22,11,4,39894
Dotson,Damyean,SG,Knicks,97,12,47,18,104,11,7,1,18418
Doyle,Milton,G,Nets,25,3,9,4,18,2,2,1,3781
Dozier,PJ,G,Thunder,2,0,1,0,2,1,0,0,191
Dragic,Goran,PG,Heat,954,244,262,311,1147,141,54,12,123653
Drew II,Larry,PG,Pelicans,11,0,1,3,2,1,0,0,1483
Drummond,Andre,C,Pistons,755,334,1062,212,1007,177,106,108,133787
Dudley,Jared,PF,Suns,96,29,76,66,127,23,20,8,33780
Dukan,Duje,SF,Bulls,0,0,0,0,0,0,0,0,0
Dunn,Kris,PG,Bulls,666,115,220,310,699,150,104,28,91490
Durant,Kevin,SF,Warriors,1079,353,408,321,1594,187,45,114,124148
Early,Cleanthony,SF,Rockets,0,0,0,0,0,0,0,0,0
Eddie,Jarell,SF,Bulls,2,0,1,0,0,0,1,0,517
Ellenson,Henry,PF,Pistons,83,10,47,11,68,12,3,0,10432
Ellington,Wayne,SG,Heat,594,69,191,71,724,45,43,6,103496
Embiid,Joel,C,76ers,985,435,631,186,1345,216,37,101,106074
Ennis,Tyler,PG,Lakers,138,20,57,65,133,21,17,6,26570
Ennis III,James,SF,Pistons,318,103,201,62,437,50,43,17,84066
Evans,Jawun,PG,Clippers,251,47,84,98,230,43,36,6,45836
Evans,Jeremy,SF,Hawks,0,0,0,0,0,0,0,0,0
Evans,Tyreke,SG,Grizzlies,798,205,258,265,994,111,56,16,94755
Exum,Dante,G,Jazz,11,6,4,4,12,3,1,0,1640
Ezeli,Festus,C,Warriors,0,0,0,0,0,0,0,0,0
Faried,Kenneth,PF,Nuggets,148,51,154,18,188,23,12,14,27645
Favors,Derrick,PF,Jazz,593,184,475,88,792,81,51,66,110271
Felder,Kay,PG,Pistons,68,12,15,20,55,16,3,1,8184
Felicio,Cristiano,C,Bulls,134,55,136,40,194,34,8,10,39715
Felix,Carrick,SG,Wizards,0,0,0,0,0,0,0,0,0
Felton,Raymond,PG,Thunder,486,42,140,191,505,67,44,11,72308
Ferguson,Terrance,SG,Thunder,147,8,40,15,163,10,23,10,39486
Ferrell,Yogi,PG,Mavericks,610,87,228,167,708,71,54,6,122339
Finney-Smith,Dorian,F,Mavericks,35,7,25,8,41,8,2,2,9351
Fizdale,David,C,Grizzlies,0,0,0,0,0,0,0,0,0
Forbes,Bryn,SG,Spurs,450,61,99,66,500,35,25,2,80794
Fournier,Evan,SG,Magic,802,173,179,165,1013,95,47,16,110278
Fox,De'Aaron,PG,Kings,664,165,158,266,712,147,62,16,101984
Frazier,Tim,PG,Wizards,156,28,106,181,164,55,41,8,46327
Frye,Channing,C,Lakers,170,15,110,28,215,18,17,12,33360
Fultz,Markelle,G,76ers,27,12,9,7,24,4,2,1,4537
Gallinari,Danilo,SF,Clippers,241,77,93,40,303,23,11,6,36467
Galloway,Langston,PG,Pistons,302,34,82,53,325,17,31,5,46715
Gasol,Marc,C,Grizzlies,948,325,549,270,1152,180,44,95,131266
Gasol,Pau,C,Spurs,547,178,533,216,685,96,21,70,95421
Gay,Rudy,SF,Spurs,413,110,227,60,504,65,33,32,58656
Gbinije,Michael,F,Pistons,0,0,0,0,0,0,0,0,0
Gee,Alonzo,SF,Nuggets,0,0,0,0,0,0,0,0,0
Gentry,Alvin,C,Pelicans,0,0,0,0,0,0,0,0,2160
George,Paul,SF,Thunder,1158,344,386,235,1505,186,142,37,150093
Georges-Hunt,Marcus,SG,Timberwolves,42,16,14,7,45,3,4,0,12210
Gibson,Taj,PF,Timberwolves,643,155,501,90,869,79,55,49,142437
Giles,Harry,C,Kings,0,0,0,0,0,0,0,0,0
Ginobili,Manu,SG,Spurs,392,100,116,135,483,90,35,16,65266
Gobert,Rudy,C,Jazz,361,245,472,59,618,77,32,102,85339
Goodwin,Archie,PG,Nets,0,0,0,0,0,0,0,0,0
Gordon,Aaron,PF,Magic,704,198,396,107,858,87,42,37,94922
Gordon,Eric,SG,Rockets,856,225,150,134,1098,115,38,24,114571
Gortat,Marcin,C,Wizards,482,144,534,129,594,84,36,53,107297
Graham,Treveon,SG,Hornets,208,53,114,52,261,26,31,1,58338
Grant,Jerami,PF,Thunder,403,199,287,53,579,51,27,64,87502
Grant,Jerian,PG,Bulls,393,157,154,289,502,74,47,6,82729
Gray,Josh,G,Suns,41,11,10,12,32,7,8,2,5186
Green,Danny,SG,Spurs,471,49,207,95,509,57,56,67,89821
Green,Draymond,PF,Warriors,561,155,487,454,700,170,85,86,121006
Green,Gerald,SG,Rockets,277,41,86,12,329,17,16,11,37008
Green,JaMychal,PF,Grizzlies,433,100,394,69,500,68,29,20,79526
Green,Jeff,PF,Cavaliers,520,200,222,86,704,62,33,26,89555
Griffin,Blake,PF,Pistons,924,313,392,295,1144,156,39,15,108513
Hamilton,Daniel,G,Thunder,11,0,5,7,12,2,1,0,1573
Hamilton,Justin,C,Nets,0,0,0,0,0,0,0,0,0
Hammons,A.J.,C,Heat,0,0,0,0,0,0,0,0,0
Hardaway Jr.,Tim,SG,Knicks,721,153,191,133,837,77,49,10,94860
Harden,James,SG,Rockets,1262,624,322,541,1921,266,115,43,132495
Harkless,Maurice,SF,Trail Blazers,274,51,151,47,344,39,48,37,70396
Harrell,Montrezl,PF,Clippers,422,186,249,52,658,56,29,45,60610
Harris,Devin,SG,Nuggets,370,139,106,111,485,59,42,11,64275
Harris,Gary,SG,Nuggets,889,156,174,193,1148,117,121,15,136390
Harris,Joe,SF,Nets,538,87,227,105,705,73,30,16,103423
Harris,Tobias,PF,Clippers,1017,184,371,152,1249,84,59,29,133864
Harrison,Aaron,SG,Hornets,0,0,0,0,0,0,0,0,0
Harrison,Andrew,PG,Grizzlies,382,145,124,155,481,76,36,24,72280
Harrison,Shaquille,G,Suns,52,20,37,22,62,10,13,5,10203
Hart,Josh,SG,Lakers,284,64,206,65,364,35,38,12,70915
Haslem,Udonis,C,Heat,12,0,9,5,7,2,0,2,3677
Hayes,Nigel,SF,Raptors,5,1,0,2,9,1,0,0,1013
Hayward,Gordon,SF,Celtics,2,0,1,0,2,0,0,0,315
Hearn,Reggie,SG,Pistons,1,0,0,0,3,0,0,0,209
Henry,Myke,F,Grizzlies,78,10,25,16,81,14,21,5,16495
Henson,John,PF,Bucks,418,142,438,84,566,76,34,91,99059
Hernangomez,Guillermo,C,Hornets,96,42,91,23,131,30,9,9,17360
Hernangomez,Juancho,SF,Nuggets,67,12,53,9,73,8,6,3,15081
Hezonja,Mario,SF,Magic,482,74,217,79,566,66,63,21,77982
Hicks,Isaiah,F,Knicks,25,8,15,4,31,7,2,1,5932
Hield,Buddy,SG,Kings,782,70,260,124,895,97,63,21,102033
Hilario,Nene,PF,Rockets,218,94,155,40,317,37,23,13,40910
Hill,George,PG,Cavaliers,450,136,159,166,591,80,51,20,94850
Hill,Solomon,SF,Pelicans,0,0,0,1,0,0,0,0,503
Hilliard,Darrun,SG,Spurs,19,7,7,11,16,4,2,0,5713
Hoiberg,Fred,C,Bulls,0,0,0,0,0,0,0,0,720
Holiday,Jrue,SG,Pelicans,1087,212,310,411,1340,179,98,54,153361
Holiday,Justin,SG,Bulls,666,147,263,133,767,80,64,30,119439
Holland,John,SF,Cavaliers,35,4,17,4,30,4,6,2,7110
Hollis-Jefferson,Rondae,PF,Nets,613,263,369,134,805,98,48,38,93642
Holmes,Richaun,C,76ers,168,36,154,44,201,20,15,19,31308
Hood,Rodney,SG,Cavaliers,665,109,142,81,772,70,38,11,82572
Hopson,Scotty,SG,Mavericks,1,2,0,1,1,1,0,0,503
Horford,Al,C,Celtics,662,94,472,303,807,119,36,70,119439
Hornacek,Jeff,C,Knicks,0,0,0,0,0,0,0,0,2880
House,Danuel,F,Suns,67,19,37,8,74,5,5,1,11606
Howard,Dwight,C,Hornets,784,488,846,92,1150,182,43,120,127774
Huestis,Josh,SF,Thunder,178,18,159,20,155,26,15,42,57445
Humphries,Kris,PF,Hawks,0,0,0,0,0,0,0,0,0
Hunter,RJ,SG,Rockets,0,0,1,2,0,0,0,0,100
Hunter,Vince,PF,Grizzlies,5,0,3,0,6,1,0,1,444
Ibaka,Serge,PF,Raptors,672,108,405,50,819,77,25,81,106981
Iguodala,Andre,SF,Warriors,283,85,224,189,342,61,48,35,88452
Ilyasova,Ersan,PF,76ers,469,104,294,68,582,54,51,19,81822
Ingles,Joe,SF,Jazz,605,59,291,304,791,135,78,16,131170
Ingram,Brandon,SF,Lakers,744,273,306,220,924,142,44,43,115483
Irving,Kyrie,PG,Celtics,1087,261,227,306,1466,140,65,17,115888
Isaac,Jonathan,F,Magic,121,20,86,15,116,22,24,26,27973
Iwundu,Wesley,SF,Magic,161,34,108,44,174,22,27,8,45240
Jack,Jarrett,PG,Knicks,419,70,179,333,438,113,35,4,88952
Jackson,Demetrius,PG,76ers,14,0,11,5,8,10,4,1,3752
Jackson,Frank,PG,Pelicans,0,0,0,0,0,0,0,0,0
Jackson,Josh,SF,Suns,750,230,299,93,822,120,62,30,98428
Jackson,Justin,SF,Kings,334,32,152,58,361,33,24,10,71283
Jackson,Reggie,PG,Pistons,407,94,93,180,483,82,20,3,53613
James,LeBron,SF,Cavaliers,1319,425,596,619,1870,297,106,68,152937
James,Mike,PG,Pelicans,320,84,90,126,336,50,28,7,41190
Jefferson,Al,C,Pacers,190,28,130,28,226,19,15,20,26728
Jefferson,Amile,PF,Timberwolves,0,0,0,0,0,0,0,0,0
Jefferson,Richard,SF,Nuggets,27,7,16,13,30,5,2,1,9555
Jennings,Brandon,PG,Bucks,16,3,11,18,20,3,0,2,2988
Jerebko,Jonas,PF,Jazz,291,53,214,37,361,23,23,11,58578
Joerger,Dave,C,Kings,0,0,0,0,0,0,0,0,0
Johnson,Amir,PF,76ers,203,77,259,82,272,49,37,36,55436
Johnson,Brice,PF,Grizzlies,32,2,25,1,32,5,8,3,4391
Johnson,Dakari,C,Thunder,39,20,34,8,55,4,6,8,9550
Johnson,James,PF,Heat,510,127,291,237,637,119,61,40,96792
Johnson,Joe,SF,Rockets,284,32,134,61,293,40,15,6,56823
Johnson,Stanley,SF,Pistons,443,119,199,84,483,63,67,11,92100
Johnson,Tyler,PG,Heat,604,121,205,139,717,69,55,29,104626
Johnson,Wesley,SF,Clippers,319,53,190,52,348,52,66,58,77732
Jokic,Nikola,C,Nuggets,784,267,658,382,1085,177,75,49,119067
Jones,Damian,C,Warriors,0,0,1,0,0,1,0,1,660
Jones,Jalen,SF,Mavericks,24,6,18,2,27,2,2,0,3734
Jones,Perry,SF,Pelicans,4,2,3,0,5,0,0,0,1157
Jones,Terrence,PF,Warriors,0,0,0,0,0,0,0,0,0
Jones,Tyus,PG,Timberwolves,281,64,120,189,356,48,79,5,75770
Jones Jr.,Derrick,SF,Heat,47,20,33,7,51,6,4,13,13865
Jordan,DeAndre,C,Clippers,475,250,988,93,769,113,37,62,122324
Joseph,Cory,PG,Pacers,512,87,228,218,566,75,72,15,114586
Kaminsky,Frank,PF,Hornets,617,169,243,103,739,52,33,21,93166
Kanter,Enes,C,Knicks,651,157,701,95,914,116,34,35,99453
Kaun,Sasha,C,Cavaliers,0,0,0,0,0,0,0,0,0
Kelly,Ryan,PF,Hawks,0,0,0,0,0,0,0,0,0
Kennard,Luke,SG,Pistons,347,50,131,90,401,55,34,9,67383
Kerr,Steve,C,Warriors,0,0,0,0,0,0,0,0,720
Kidd,Jason,C,Bucks,0,0,0,0,0,0,0,0,720
Kidd-Gilchrist,Michael,SF,Hornets,478,142,258,64,586,43,44,28,93476
Kilpatrick,Sean,SG,Clippers,176,38,60,32,176,25,7,2,24382
Kleber,Maximilian,PF,Mavericks,253,47,177,41,302,22,22,36,59079
Knight,Brandon,SG,Suns,0,0,0,0,0,0,0,0,0
Korkmaz,Furkan,SG,76ers,12,2,6,2,9,1,1,0,1919
Kornet,Luke,F,Knicks,47,2,26,6,40,2,3,8,6648
Korver,Kyle,SG,Cavaliers,459,67,147,84,637,49,27,26,87693
Koufos,Kosta,C,Kings,356,70,436,78,433,49,42,28,76801
Kuzma,Kyle,PF,Lakers,877,165,415,121,1032,114,42,31,121301
Kuzminskas,Mindaugas,F,Knicks,2,0,0,0,0,0,0,0,111
Labissiere,Skal,PF,Kings,385,107,242,57,455,57,23,42,63147
Lamb,Jeremy,SG,Hornets,729,190,278,154,903,78,53,29,101075
Larkin,Shane,PG,Celtics,156,28,57,58,171,25,22,2,33235
Lauvergne,Joffrey,C,Spurs,178,43,163,38,214,32,9,3,29946
LaVine,Zach,SG,Bulls,355,107,95,72,401,43,24,4,39378
Layman,Jake,SF,Trail Blazers,44,3,14,10,30,5,6,4,9177
Leaf,T. J.,PF,Pacers,121,12,76,8,140,10,5,4,25448
Lee,Courtney,SF,Knicks,683,121,204,167,832,80,76,13,125325
Lee,Damian,SG,Hawks,24,8,8,4,34,2,3,0,3869
Lemon Jr.,Walter,C,Pelicans,16,3,2,5,17,4,0,1,2106
Len,Alex,C,Suns,305,196,454,68,475,68,24,55,72001
Leonard,Kawhi,SF,Spurs,111,38,42,21,146,16,18,9,12592
Leonard,Meyers,C,Trail Blazers,62,10,55,13,89,7,5,0,12262
Leuer,Jon,PF,Pistons,36,15,32,5,43,8,1,3,8188
Levert,Caris,SG,Nets,614,162,221,243,719,133,67,19,93671
Liggins,DeAndre,SG,Pelicans,97,5,68,43,101,19,37,13,40304
Lillard,Damian,PG,Trail Blazers,1204,457,279,410,1684,188,63,26,137768
Lin,Jeremy,SG,Nets,12,7,0,4,18,3,0,0,1511
Livingston,Shaun,PG,Warriors,290,52,110,119,335,51,26,18,57396
Long,Shawn,PF,76ers,0,0,0,0,0,0,0,0,0
Looney,Kevon,PF,Warriors,132,62,154,30,183,25,20,37,38900
Lopez,Brook,C,Lakers,650,120,235,98,778,86,26,85,82895
Lopez,Robin,C,Bulls,622,88,278,119,733,101,14,49,97515
Love,Kevin,PF,Cavaliers,602,222,448,78,857,72,33,20,80548
Lowry,Kyle,PG,Raptors,802,239,370,443,1083,152,79,10,126857
Luwawu-Cabarrot,Timothe,SG,76ers,267,58,72,54,299,38,12,5,48394
Lydon,Tyler,F,Nuggets,0,0,0,0,0,0,0,0,130
Lyles,Trey,PF,Nuggets,507,135,315,80,669,57,30,30,76447
Mack,Shelvin,PG,Magic,305,79,133,210,363,75,41,7,64968
Magette,Josh,PG,Hawks,22,8,10,37,28,4,4,0,6819
Mahinmi,Ian,C,Wizards,205,115,273,44,318,87,32,38,59918
Maker,Thon,C,Bucks,281,83,215,42,322,40,35,50,68102
Malone,Michael,C,Nuggets,0,0,0,0,0,0,0,0,720
Marjanovic,Boban,C,Clippers,109,60,89,16,162,29,8,8,14474
Markkanen,Lauri,PF,Bulls,767,133,458,70,892,71,33,37,109519
Martin,Jarell,PF,Grizzlies,413,100,268,62,481,74,36,45,84545
Mason,Frank,PG,Kings,305,98,99,119,338,54,32,7,48631
Mathiang,Mangok,PF,Hornets,2,0,6,0,0,0,0,0,622
Matthews,Wesley,SG,Mavericks,697,101,198,172,802,84,76,16,127885
Mbah a Moute,Luc,PF,Rockets,301,84,167,51,403,62,53,25,83910
McAdoo,James Michael,PF,76ers,7,2,2,0,8,1,0,1,1077
McCaw,Patrick,SG,Warriors,175,25,73,70,188,32,37,9,47880
McClellan,Sheldon,G,Wizards,0,0,0,0,0,0,0,0,0
McCollum,CJ,SG,Trail Blazers,1270,221,271,221,1498,128,64,30,149169
McConnell,TJ,PG,76ers,371,34,197,262,422,103,83,10,89275
McCree,Erik,SF,Jazz,2,0,1,0,0,1,1,0,452
McCullough,Chris,PF,Wizards,42,14,25,4,46,2,0,5,5386
McDaniels,KJ,SF,Raptors,0,0,0,0,0,0,0,0,0
McDermott,Doug,SF,Mavericks,430,74,176,73,534,46,16,13,92394
McGee,JaVale,C,Warriors,157,44,126,27,234,22,18,49,29600
McGruder,Rodney,SG,Heat,45,2,16,10,55,3,4,2,10723
McKinney-Jones,Trey,G,Pacers,0,0,0,0,0,0,0,0,74
McKinnie,Alfonso,PF,Raptors,13,3,6,1,19,3,1,1,2932
McLemore,Ben,SG,Grizzlies,275,46,99,42,316,47,30,13,49061
McMillan,Nate,C,Pacers,0,0,0,0,0,0,0,0,1440
McRoberts,Josh,PF,Mavericks,1,0,0,0,0,0,0,0,345
Meeks,Jodie,SG,Wizards,348,109,112,64,426,35,27,4,60519
Mejri,Salah,C,Mavericks,125,58,233,29,197,36,21,63,40086
Mickey,Jordan,PF,Heat,71,16,74,9,80,16,5,9,14947
Middleton,Khris,SG,Bucks,1065,304,359,273,1381,161,90,13,151144
Miles,CJ,SF,Raptors,506,83,126,42,624,30,35,19,67977
Miller,Darius,SF,Pelicans,407,59,136,94,550,49,22,16,99191
Miller,Malcolm,F,Raptors,28,4,16,3,38,4,1,2,7052
Mills,Patty,PG,Spurs,558,95,131,190,672,85,44,10,102998
Millsap,Elijah,SG,Suns,0,0,0,0,0,0,0,0,0
Millsap,Paul,PF,Nuggets,293,100,161,70,362,52,27,31,44365
Mirotic,Nikola,PF,Pelicans,534,120,311,66,676,56,35,32,70842
Mitchell,Donovan,SG,Jazz,1118,235,245,239,1333,183,97,25,132922
Mitrou-Long,Naz,G,Jazz,1,0,0,0,3,0,0,0,31
Monk,Malik,SG,Hornets,286,21,49,57,251,27,13,5,36973
Monroe,Greg,C,Celtics,281,81,261,73,390,71,29,18,47014
Montero,Luis,SG,Kings,1,0,2,0,0,2,0,0,477
Moore,Ben,F,Pacers,0,0,1,1,0,0,0,0,557
Moore,E'Twaun,SG,Pelicans,705,60,207,153,852,89,64,9,133282
Moreland,Eric,PF,Pistons,89,24,217,62,103,30,22,37,38704
Morris,Jaylen,C,Hawks,31,0,16,7,28,6,2,1,5909
Morris,Marcus,SF,Celtics,510,113,259,61,586,49,30,10,72166
Morris,Markieff,PF,Wizards,568,108,355,114,708,105,47,27,99363
Morris,Monte,PG,Nuggets,6,2,2,7,10,1,3,0,1517
Morrow,Anthony,SG,Bulls,0,0,0,0,0,0,0,0,0
Motley,Johnathan,PF,Mavericks,11,11,13,2,18,3,0,2,1828
Mozgov,Timofey,C,Nets,85,25,87,8,113,31,5,11,20316
Mudiay,Emmanuel,PG,Knicks,468,119,131,185,502,102,36,6,65900
Muhammad,Shabazz,SF,Bucks,130,34,49,8,132,6,6,2,19268
Munford,Xavier,SG,Bucks,6,2,1,4,3,2,1,0,1245
Murray,Dejounte,PG,Spurs,505,109,377,191,537,116,75,26,84415
Murray,Jamal,PG,Nuggets,879,204,250,218,1129,148,67,20,126609
Muscala,Mike,C,Hawks,215,47,166,34,285,31,26,21,44717
Nader,Abdel,SG,Celtics,103,33,52,20,114,24,9,6,22216
Nance Jr.,Larry,PF,Cavaliers,358,121,386,74,511,47,76,33,73496
Napier,Shabazz,PG,Trail Blazers,457,124,141,135,570,78,73,14,79213
Nelson,Jameer,PG,Pistons,244,20,103,179,247,68,27,4,60778
Nene,Maybyner,C,Rockets,0,0,0,0,0,0,0,0,0
Neto,Raul,PG,Jazz,147,33,47,72,179,32,11,4,28671
Niang,George,F,Jazz,4,0,1,2,4,2,2,0,701
Noah,Joakim,C,Knicks,10,4,14,4,12,4,2,2,2409
Noel,Nerlens,C,Mavericks,87,26,125,13,106,20,23,17,21710
Nogueira,Lucas,C,Raptors,67,24,77,17,104,14,19,34,20836
Nowitzki,Dirk,PF,Mavericks,685,102,392,109,852,47,40,37,102984
Ntilikina,Frank,PG,Knicks,399,67,142,210,372,112,57,14,83612
Nurkic,Jusuf,C,Trail Blazers,811,240,576,123,945,161,49,85,104634
Nwaba,David,SF,Bulls,294,168,256,73,430,56,47,25,77575
O'Bryant III,Johnny,PF,Hornets,171,25,94,14,171,15,8,6,22742
Ochefu,Daniel,F,Bulls,0,0,0,0,0,0,0,0,0
Ojeleye,Semi,SF,Celtics,141,32,117,16,139,18,17,2,52557
Okafor,Emeka,C,Pelicans,74,19,86,4,95,6,5,21,15744
Okafor,Jahlil,C,Nets,129,29,80,12,161,21,3,17,20185
Oladipo,Victor,SG,Pacers,1168,321,338,270,1497,193,143,50,131092
Olynyk,Kelly,PF,Heat,520,142,359,161,699,127,51,30,89666
O'Neale,Royce,SF,Jazz,231,68,186,78,273,46,31,11,53684
Onuaku,Chinanu,F,Rockets,0,0,0,0,0,0,0,0,0
O'Quinn,Kyle,C,Knicks,324,115,391,135,473,89,33,81,70546
Osman,Cedi,SF,Cavaliers,149,33,102,27,196,27,18,3,34131
Ouattara,Yakuba,SG,Nets,0,0,0,0,0,0,0,0,0
Oubre Jr.,Kelly,SF,Wizards,654,193,310,77,815,75,65,27,113739
Pachulia,Zaza,C,Warriors,233,87,288,101,340,62,35,13,51737
Paige,Marcus,PG,Hornets,2,0,2,0,0,0,0,0,175
Papagiannis,Georgios,C,Trail Blazers,41,0,36,9,34,8,2,6,7073
Parker,Jabari,PF,Bucks,160,35,73,26,204,21,9,5,22713
Parker,Tony,PG,Spurs,338,62,80,171,377,59,26,1,52695
Parsons,Chandler,SF,Grizzlies,208,25,80,61,251,34,15,11,37331
Patterson,Patrick,PF,Thunder,237,41,174,51,275,33,42,21,67850
Patton,Justin,C,Timberwolves,0,0,0,0,0,0,0,0,0
Paul,Branden,SG,Spurs,115,37,66,36,131,28,25,7,32105
Paul,Chris,PG,Rockets,711,208,288,416,972,119,91,13,99632
Payne,Adreian,PF,Magic,10,6,9,0,21,2,2,0,2553
Payne,Cameron,PG,Bulls,94,7,25,45,102,13,15,4,14548
Payton,Elfrid,PG,Suns,636,162,263,375,775,161,78,21,102974
Payton II,Gary,PG,Lakers,47,3,23,13,40,3,3,3,8763
Perkins,Kendrick,C,Cavaliers,0,0,0,0,0,0,0,0,0
Perrantes,London,G,Cavaliers,3,0,1,5,2,1,0,0,1473
Peters,Alec,PF,Suns,32,3,20,8,24,1,0,2,5893
Plumlee,Marshall,C,Bucks,3,16,16,2,14,3,0,1,2699
Plumlee,Mason,C,Nuggets,330,156,358,125,459,93,44,67,75587
Plumlee,Miles,C,Hawks,155,48,184,38,202,54,16,28,45917
Poeltl,Jakob,C,Raptors,320,88,327,50,466,69,31,93,77163
Pondexter,Quincy,SF,Bulls,49,17,27,9,45,11,8,2,11741
Popovich,Gregg,C,Spurs,0,0,0,0,0,0,0,0,1440
Porter Jr.,Otto,SF,Wizards,770,117,429,135,980,61,106,30,127341
Portis,Bobby,PF,Bulls,661,136,402,105,793,78,39,15,80252
Porzingis,Kristaps,PF,Knicks,889,275,316,57,1088,93,36,115,93190
Powell,Dwight,PF,Mavericks,374,160,384,71,587,50,57,25,86584
Powell,Norman,SG,Raptors,329,39,101,80,342,57,32,14,56715
Poythress,Alex,C,Pacers,25,0,17,2,26,2,3,1,6054
Prince,Taurean,SF,Hawks,800,148,342,166,946,158,68,39,126657
Pullen,Jacob,PG,76ers,2,0,0,0,2,1,0,0,365
Purvis,Rodney,G,Magic,16,5,3,1,19,5,1,2,3443
Rabb,Ivan,PF,Grizzlies,85,20,90,20,119,25,7,5,18342
Randle,Julius,PF,Lakers,748,333,542,174,1095,174,37,42,108101
Randolph,Zach,PF,Kings,755,107,395,124,853,116,42,10,89551
Rathan-Mayes,Xavier,G,Grizzlies,42,9,5,18,29,11,6,3,7067
Redick,JJ,SG,76ers,705,183,146,177,954,84,32,5,105696
Reed,Davon,SG,Suns,37,4,19,7,33,3,3,1,6680
Reed,Willie,C,Pistons,121,55,122,10,195,19,9,22,25672
Richardson,Josh,SF,Heat,754,119,233,192,898,126,105,59,137655
Richardson,Malachi,SG,Raptors,90,22,34,13,89,10,10,1,19400
Rivers,Austin,PG,Clippers,654,125,126,183,766,90,56,13,98386
Rivers,Doc,C,Clippers,0,0,0,0,0,0,0,0,720
Roberson,Andre,SG,Thunder,162,38,185,46,194,30,46,35,62203
Robinson,Devin,SF,Wizards,0,0,0,0,0,0,0,0,0
Robinson III,Glenn,SF,Pacers,40,5,13,11,36,2,6,1,9910
Rondo,Rajon,PG,Pelicans,400,36,213,430,430,118,54,10,84888
Rose,Derrick,PG,Timberwolves,159,43,33,33,181,31,5,4,21553
Ross,Terrence,SG,Magic,177,35,70,35,198,25,27,10,34567
Rozier,Terry,PG,Celtics,669,126,316,186,760,65,67,16,104982
Rubio,Ricky,PG,Jazz,702,214,301,360,816,183,101,8,117160
Rush,Brandon,SG,Trail Blazers,0,0,0,0,0,0,0,0,0
Russell,D'Angelo,PG,Nets,510,112,139,173,579,111,25,10,55539
Sabonis,Domantas,PF,Pacers,585,205,520,135,769,126,33,28,97753
Sampson,JaKarr,SF,Kings,44,8,54,7,68,6,6,13,13608
Sanders,Larry,C,Cavaliers,0,0,0,0,0,0,0,0,0
Saric,Dario,PF,76ers,773,183,466,175,1005,133,45,20,122331
Satoransky,Tomas,PG,Wizards,305,90,171,227,434,63,44,10,77831
Schroder,Dennis,PG,Hawks,1100,254,200,404,1244,177,72,6,120876
Scott,Mike,PF,Wizards,431,63,198,62,561,70,22,10,70435
Sefolosha,Thabo,SF,Jazz,240,54,161,33,312,30,51,12,48337
Selden,Wayne,SG,Grizzlies,180,39,43,47,208,41,13,3,30126
Sessions,Ramon,PG,Wizards,87,34,25,47,90,23,9,2,16663
Shumpert,Iman,SG,Kings,58,15,41,17,62,16,9,5,16571
Siakam,Pascal,PF,Raptors,414,72,309,130,493,57,55,36,84394
Simmons,Ben,PF,76ers,863,290,521,517,1089,237,115,56,138079
Simmons,Jonathon,SF,Magic,761,241,240,171,962,146,57,17,121777
Simmons,Kobi,SG,Grizzlies,116,12,37,35,115,24,14,5,22922
Singler,Kyle,SF,Thunder,21,13,10,2,23,3,1,0,3530
Sloan,Donald,PG,Nets,0,0,0,0,0,0,0,0,0
Smart,Marcus,SG,Celtics,515,133,189,259,550,129,71,23,96817
Smith,Ish,PG,Pistons,671,109,189,303,728,93,53,15,104272
Smith,Jason,PF,Wizards,98,17,44,13,92,14,3,11,14451
Smith,Josh,PF,Pelicans,2,0,2,0,2,0,0,0,709
Smith,J.R.,SG,Cavaliers,514,48,195,127,556,67,61,9,116194
Smith Jr.,Dennis,PG,Mavericks,902,176,232,298,918,171,62,15,108632
Snell,Tony,SG,Bucks,358,44,123,84,444,35,43,22,105929
Snyder,Quin,C,Jazz,0,0,0,0,0,0,0,0,1440
Speights,Marreese,C,Magic,329,50,129,37,378,36,6,22,38461
Spoelstra,Erik,C,Heat,0,0,0,0,0,0,0,0,2880
Stauskas,Nik,SG,Nets,120,22,52,29,142,21,8,3,25696
Stephenson,Lance,SF,Pacers,601,110,360,206,658,118,40,12,95266
Stevens,Brad,C,Celtics,0,0,0,0,0,0,0,0,1440
Stockton,David,PG,Jazz,0,0,0,0,0,0,0,0,0
Stone,Diamond,C,Clippers,0,0,0,0,0,0,0,0,0
Stone,Julyan,SG,Hornets,4,2,16,12,7,4,2,1,3583
Stotts,Terry,C,Trail Blazers,0,0,0,0,0,0,0,0,720
Sumner,Edmond,PG,Pacers,0,0,0,0,0,0,0,0,0
Swanigan,Caleb,PF,Trail Blazers,46,13,38,10,43,13,5,3,8874
Tatum,Jayson,PF,Celtics,707,225,350,103,942,95,62,54,128073
Tavares,Edy,C,Hawks,0,0,0,0,0,0,0,0,0
Taylor,Isaiah,PG,Hawks,254,108,72,146,303,56,25,10,50611
Teague,Jeff,PG,Timberwolves,666,196,186,422,830,153,92,20,118999
Teletovic,Mirza,PF,Bucks,57,0,23,10,71,7,4,1,9550
Temple,Garrett,SG,Kings,465,78,149,124,545,80,59,26,95524
Teodosic,Milos,PG,Clippers,317,36,115,195,366,88,22,4,59672
Terry,Jason,SG,Bucks,105,6,37,41,112,20,24,11,32691
Theis,Daniel,PF,Celtics,234,81,274,56,331,56,30,47,56141
Thibodeau,Tom,C,Timberwolves,0,0,0,0,0,0,0,0,720
Thomas,Isaiah,PG,Lakers,395,125,63,148,460,88,15,3,48621
Thomas,Lance,SF,Knicks,229,47,153,40,261,37,28,14,72231
Thompson,Klay,SG,Warriors,1041,91,254,176,1300,113,46,34,135513
Thompson,Tristan,PF,Cavaliers,195,66,275,26,264,30,15,17,53875
Thornton,Marcus,SG,Cavaliers,0,0,0,0,0,0,0,0,0
Thornwell,Sindarius,PG,Clippers,175,65,99,42,215,37,37,22,53862
Tolliver,Anthony,PF,Pistons,361,97,181,72,510,49,24,15,81659
Towns,Karl-Anthony,C,Timberwolves,982,340,871,167,1472,142,56,102,150306
Triano,Jay,C,Suns,0,0,0,0,0,0,0,0,720
Tucker,P.J.,SF,Rockets,358,58,390,64,411,63,72,19,116181
Turner,Evan,SF,Trail Blazers,483,94,216,151,543,88,38,22,102540
Turner,Myles,C,Pacers,530,178,363,71,721,80,28,102,90120
Udoh,Ekpe,C,Jazz,112,54,141,51,157,19,41,67,45763
Ulis,Tyler,PG,Suns,416,74,92,232,399,95,59,4,78890
Uthoff,Jarrod,SF,Mavericks,0,0,0,0,0,0,0,0,0
Valanciunas,Jonas,C,Raptors,574,183,565,73,823,101,27,57,89494
Valentine,Denzel,SF,Bulls,639,45,371,223,700,83,52,10,113961
Van Gundy,Stan,C,Pistons,0,0,0,0,0,0,0,0,1440
VanVleet,Fred,PG,Raptors,464,90,166,209,549,67,61,17,78355
Vaughn,Rashad,SG,Magic,56,6,22,13,64,6,4,3,12718
Vonleh,Noah,PF,Bulls,165,45,236,25,190,21,10,14,40390
Vucevic,Nikola,C,Magic,690,80,425,156,807,97,45,52,85039
Vujacic,Sasha,SG,Knicks,0,0,0,0,0,0,0,0,0
Wade,Dwyane,SG,Heat,586,170,227,194,677,120,51,36,80477
Waiters,Dion,SG,Heat,410,67,77,113,429,70,22,9,55053
Walker,Kemba,PG,Hornets,1189,364,215,391,1534,148,81,21,141473
Wall,John,PG,Wizards,602,221,130,343,716,134,49,42,76160
Wallace,Tyrone,SG,Clippers,167,64,71,53,212,25,18,9,34559
Walton,Luke,C,Lakers,0,0,0,0,0,0,0,0,2160
Walton Jr.,Derrick,PG,Heat,24,4,12,15,27,2,5,3,8210
Warney,Jameel,F,Mavericks,12,5,9,0,17,1,0,0,1610
Warren,TJ,SF,Suns,1063,255,332,85,1271,84,65,41,128507
Wear,Travis,F,Lakers,35,4,16,1,42,2,0,4,5646
Webb III,James,F,Nets,21,0,22,4,14,3,1,0,6476
Weber,Briante,PG,Grizzlies,26,6,29,16,31,9,12,4,9533
West,David,PF,Warriors,317,68,208,116,432,68,39,66,49860
Westbrook,Russell,PG,Thunder,1479,486,681,716,1774,331,126,17,151976
White,Derrick,PG,Spurs,33,20,26,9,54,6,4,3,8323
White,Okaro,F,Hawks,16,3,11,2,20,1,1,1,4773
Whitehead,Isaiah,PG,Nets,86,19,26,20,100,24,8,2,10779
White III,Andrew,C,Hawks,40,2,12,1,45,2,2,0,6587
Whiteside,Hassan,C,Heat,502,168,552,45,670,87,36,79,72920
Wiggins,Andrew,SG,Timberwolves,1128,278,291,130,1277,124,75,45,154028
Wilcox,CJ,SG,Trail Blazers,0,0,0,0,0,0,0,0,0
Wiley,Jacob,SF,Nets,4,2,11,2,4,0,1,0,1995
Wilkins,Damien,SG,Pacers,39,4,16,8,33,5,2,1,9143
Williams,Alan,PF,Suns,0,0,0,0,0,0,0,0,0
Williams,C.J.,SG,Clippers,163,14,45,30,178,18,28,13,35451
Williams,Derrick,SF,Lakers,4,0,1,0,2,0,0,0,511
Williams,Elliott,SG,Thunder,0,0,0,0,0,0,0,0,0
Williams,Lou,SG,Clippers,1163,430,175,363,1565,200,74,17,133192
Williams,Marvin,PF,Hornets,472,102,315,74,617,58,46,28,101599
Williams,Troy,SF,Knicks,73,19,39,6,90,10,12,1,10386
Williams Jr.,Matt,SG,Heat,6,0,1,0,5,1,0,0,684
Wilson,D. J.,PF,Bucks,14,2,9,3,19,4,2,1,4138
Wilson,Jamil,PF,Clippers,81,4,32,10,105,8,5,8,16427
Wiltjer,Kyle,F,Rockets,0,0,0,0,0,0,0,0,0
Winslow,Justise,SF,Heat,373,77,309,123,399,64,44,28,81354
Withey,Jeff,C,Mavericks,16,2,10,0,15,2,0,3,2358
Wolters,Nate,PG,Jazz,6,0,2,1,2,0,0,0,1127
Wood,Christian,PF,Hornets,0,0,0,0,0,0,0,0,0
Wright,Brandan,C,Rockets,102,33,95,13,139,8,13,26,22852
Wright,Delon,PG,Raptors,361,98,159,162,473,68,61,27,71127
Yabusele,Guerschon,PF,Celtics,36,11,36,11,45,8,2,2,8062
Young,James,SG,76ers,12,6,2,2,15,0,0,0,3127
Young,Joe,PG,Pacers,171,29,61,36,192,25,14,1,31207
Young,Michael,F,Wizards,0,0,0,0,0,0,0,0,0
Young,Nick,SG,Warriors,388,48,95,30,478,34,34,7,64409
Young,Thaddeus,PF,Pacers,738,72,423,135,810,92,115,31,136012
Zeller,Cody,C,Hornets,154,85,175,31,233,33,14,21,37628
Zeller,Tyler,C,Bucks,285,66,251,32,371,42,10,30,54452
Zhou,Qi,PF,Rockets,24,10,13,1,17,5,2,6,4523
Zimmerman,Stephen,C,Lakers,0,0,0,0,0,0,0,0,0
Zipser,Paul,SF,Bulls,215,20,123,41,205,39,19,13,45893
Zizic,Ante,C,Cavaliers,45,13,44,4,72,9,1,11,8496
Zubac,Ivica,C,Lakers,69,32,65,10,95,18,4,5,13952
